distribution,return_period_yr,estimate,lower,upper
Gumbel,2,891.6429896058269,831.303245103184,959.4959001274044
Gumbel,5,1144.8650340433378,1048.8036530904142,1261.5275349802773
Gumbel,10,1312.520061038078,1186.6997789059008,1468.3685220638185
Gumbel,25,1524.3526320907927,1360.2567659559966,1734.1218224557874
Gumbel,50,1681.5021343929511,1489.0136898385479,1930.4273507389137
Gumbel,100,1837.4912694380005,1617.2801629467026,2124.182490190492
Gumbel,200,1992.9112263318762,1741.4405550897004,2315.46275206252
Gumbel,500,2197.9583475710065,1906.2273750481322,2569.062240823874
GEV,2,886.8528010490318,822.816347482086,962.143570646381
GEV,5,1139.9684892919258,1043.5208207327114,1252.1406778352832
GEV,10,1312.2765147274883,1178.0417105351287,1471.5894588716606
GEV,25,1535.5213898212205,1328.3457003195542,1807.7541848474273
GEV,50,1705.2239220183578,1422.0871139052272,2090.795341312479
GEV,100,1877.1965383825573,1504.5228503326114,2419.5262096626066
GEV,200,2052.105384590044,1571.6971138922172,2793.5752826690973
GEV,500,2288.432093061686,1651.607199038622,3383.992103947151
Lognormal,2,898.3275862465792,837.0283042516246,968.4286524914238
Lognormal,5,1154.9745828965972,1061.0991641160913,1260.5717718715027
Lognormal,10,1317.1057075010403,1192.1071656520037,1459.5154420609558
Lognormal,25,1515.1509537625695,1349.5735332312122,1711.4181376546906
Lognormal,50,1658.6537763960357,1459.8950512172266,1891.854615140524
Lognormal,100,1799.306548202865,1567.07626925094,2077.1880372314336
Lognormal,200,1938.459806110795,1669.728283814415,2260.887679301672
Lognormal,500,2121.5922639629966,1801.6068972935334,2512.3789923391946
LP3,2,899.2451480397472,835.2306027657123,974.1217619722134
LP3,5,1155.3132064118768,1061.1010888384285,1261.1610899818088
LP3,10,1316.234351492909,1190.7684273752975,1460.5968435486373
LP3,25,1511.951234482581,1328.0993149234364,1735.9533119753764
LP3,50,1653.2056311445187,1407.2160312859867,1957.777408767355
LP3,100,1791.2148438550241,1492.1113076950367,2190.377321335788
LP3,200,1927.3390926779925,1551.8082013034623,2445.090451009721
LP3,500,2105.8815732869393,1633.453318300896,2791.74378639961
