year,peak_flow_m3s
1961,575.0
1962,1173.0
1963,849.0
1964,1099.0
1965,1958.0
1966,923.0
1967,894.0
1968,570.0
1969,732.0
1970,893.0
1971,1049.0
1972,1211.0
1973,809.0
1974,562.0
1975,746.0
1976,1464.0
1977,694.0
1978,858.0
1979,1556.0
1980,494.0
1981,974.0
1982,1665.0
1983,706.0
1984,931.0
1985,1463.0
1986,631.0
1987,911.0
1988,1132.0
1989,1039.0
1990,870.0
1991,687.0
1992,886.0
1993,803.0
1994,877.0
1995,799.0
1996,1273.0
1997,1157.0
1998,764.0
1999,950.0
2000,738.0
2001,859.0
2002,790.0
2003,1027.0
2004,802.0
2005,863.0
2006,1094.0
2007,831.0
2008,1453.0
2009,669.0
2010,1120.0
2011,837.0
2012,840.0
2013,1005.0
2014,911.0
2015,832.0
2016,372.0
2017,592.0
2018,1082.0
2019,912.0
2020,1067.0
